Município;Pop_Menos_15Anos_2014;Pop_com_60Anoso_2014;Habitantes;area;taxa_natalidade;Esgoto_2010;Empregos_formais_2013;PIB
São Paulo;19,73;13,18;11245983;1521,10;15,09;92,26;5247898;499375,40
Campinas;18,17;13,75;1079140;794,43;13,93;87,02;436561;42766,02
Guarulhos;22,50;9,57;1220653;318,68;16,92;86,90;354409;44670,72
Ribeirão Preto;18,24;13,80;603774;650,96;13,15;97,48;230619;20300,80
Jundiaí;18,24;14,55;369710;431,17;14,26;95,90;181170;23712,62
São Bernardo do Campo;19,39;11,93;764922;409,48;14,13;90,26;292028;34185,28
Sorocaba;19,38;12,20;585780;449,80;14,99;97,75;206073;19019,10
Bauru;18,60;14,45;343695;667,68;13,76;97,79;129238;8430,52
Osasco;20,86;11,11;666621;64,95;15,69;83,76;175612;39198,92
Embu das Artes;23,96;8,36;239939;70,39;18,38;72,78;44988;5667,04
Santo André;18,00;15,02;676177;175,78;13,05;94,48;215122;18085,14
São José dos Campos;20,44;11,57;629106;1099,41;14,57;93,30;211462;28089,10
São José do Rio Preto;17,08;15,08;407816;431,96;12,64;99,08;140718;10738,22
Limeira;18,79;13,24;275786;580,71;12,40;98,45;89750;7718,28
Mogi das Cruzes;21,63;11,55;387260;712,67;15,20;82,31;101402;9737,24
Piracicaba;18,85;13,97;364261;1378,50;14,11;97,96;134033;11887,39
Diadema;22,06;9,17;385838;30,80;16,33;96,55;111520;11645,67
Santos;16,29;20,25;419388;280,67;11,72;95,29;189731;37722,53
Barueri;23,58;8,53;240459;65,69;23,31;90,95;258584;33075,59
Araraquara;17,13;15,16;208429;1003,67;12,65;98,89;75373;5681,83
Presidente Prudente;18,29;15,01;207449;562,79;12,82;97,96;67790;4830,82
Praia Grande;21,63;13,42;261391;147,07;15,44;72,53;43934;4164,01
São Vicente;21,09;12,59;332193;147,89;15,32;87,08;41321;3835,80
Franca;20,35;12,88;318369;605,68;14,27;99,31;92035;6071,13
Marília;18,12;15,01;216576;1170,25;13,45;97,72;64346;4585,31
Carapicuíba;23,06;9,90;369368;34,55;18,21;81,19;45284;4136,55
Mauá;20,78;9,78;416585;61,87;13,55;90,36;73131;7863,73
Guarujá;22,37;10,52;290526;143,45;15,61;77,97;52348;4571,99
Itaquaquecetuba;24,83;7,51;321329;82,61;17,01;71,33;46464;3892,60
São Carlos;18,01;14,23;221692;1137,33;13,08;99,43;76892;5769,75
Botucatu;19,34;14,47;127156;1482,64;12,67;95,65;41382;3215,05
Itu;20,36;11,84;153980;639,58;14,78;96,62;59118;4772,54
Suzano;22,45;10,16;262179;206,20;15,54;85,01;53573;5681,81
Sumaré;21,13;9,73;240901;153,50;15,10;93,75;52998;7812,31
Taubaté;19,70;12,73;278379;624,89;14,53;95,93;88504;9429,90
Rio Claro;18,05;14,46;186095;498,42;12,16;98,99;67009;5847,52
Barretos;18,33;14,88;112030;1565,64;13,10;98,26;32975;2321,65
Araçatuba;17,29;15,65;181473;1167,44;12,43;98,65;54834;4822,68
Indaiatuba;19,29;11,57;201089;312,05;13,72;94,13;72463;6163,10
Taboão da Serra;22,71;9,18;244095;20,39;17,87;90,82;62184;5331,63
Mogi Guaçu;18,95;13,32;137131;812,16;13,60;99,37;40766;3199,03
Sertãozinho;19,97;11,51;109936;402,87;14,06;98,94;47390;4209,65
Itapecerica da Serra;23,71;8,37;152407;150,87;18,01;35,81;23215;3442,74
Itapevi;25,00;7,53;200415;82,66;19,15;74,44;37747;6712,58
Atibaia;20,33;13,69;126467;478,52;15,57;56,82;39206;3565,61
Hortolândia;20,96;8,87;192317;62,28;14,56;36,90;45912;6761,01
Caraguatatuba;21,70;12,42;100634;485,10;14,81;57,94;22322;1577,19
Santa Bárbara dOeste;18,05;12,71;179924;270,90;12,12;98,58;47595;4056,98
Cotia;22,80;9,26;200647;324,01;18,40;52,94;76692;7463,86
Jacareí;20,72;12,69;211040;464,27;14,65;91,60;46627;5751,86
Pindamonhangaba;20,87;11,82;146807;729,89;14,59;95,91;34051;3971,92
Itanhaém;22,68;15,82;86919;601,67;15,82;24,40;14766;1139,29
Catanduva;16,92;16,34;112760;290,60;11,88;98,56;40126;2794,15
Paulínia;21,09;9,69;81825;138,72;15,18;90,26;43256;9749,77
Americana;17,22;14,22;210387;133,93;12,14;98,37;82334;7131,53
Araras;17,98;13,79;118713;644,83;12,26;99,79;38735;2987,20
Itapeva;23,21;11,43;87711;1826,26;16,82;93,30;19846;1415,54
Itapetininga;21,32;12,24;144209;1790,21;14,47;95,22;35682;2855,59
Francisco Morato;25,21;7,97;154287;49,07;18,37;50,01;9289;1143,64
Cubatão;22,40;9,34;118629;142,88;15,53;54,09;40928;6348,15
São Caetano do Sul;14,80;20,39;149185;15,33;11,46;99,85;113079;12620,62
Cruzeiro;20,18;13,96;77009;305,70;13,05;97,05;18569;1301,92
Ourinhos;19,87;14,64;102955;296,27;13,25;98,57;27843;2659,19
Jaú;18,82;13,91;130870;685,76;11,61;99,32;39990;2486,94
Jaboticabal;18,16;15,17;71625;706,60;11,30;99,38;23224;1927,34
Fernandópolis;16,41;17,63;64670;550,03;11,89;98,75;17113;1304,76
Poá;22,31;10,31;105924;17,26;16,82;94,54;33916;3061,42
Bragança Paulista;18,96;13,69;146548;512,62;13,40;81,24;42578;3219,13
Amparo;17,26;15,64;65782;445,55;12,44;89,47;25587;2332,51
Votuporanga;16,39;16,07;84612;421,03;12,14;98,95;25048;1590,51
São João da Boa Vista;17,17;16,23;83585;516,42;11,37;97,59;25138;2187,85
Leme;20,70;12,12;91658;402,87;13,13;99,28;23741;1736,04
Caieiras;18,34;15,45;86389;549,89;14,40;94,16;23586;2294,00
Santana de Parnaíba;22,25;9,20;108474;179,93;17,31;42,60;63476;4973,57
Embu-Guaçu;22,69;10,90;62718;155,63;16,03;41,79;8350;740,96
Ferraz de Vasconcelos;23,34;8,39;168072;29,57;16,46;85,92;21876;1929,25
Barra do Turvo;25,66;15,05;7732;1007,82;11,97;76,58;692;59,54
Lorena;20,66;13,97;82498;414,16;14,30;97,98;16776;1473,43
São Roque;19,05;13,87;78711;306,91;11,93;60,41;20085;1713,58
Assis;17,97;15,42;95075;460,31;12,64;98,52;23781;1759,97
Eldorado;25,88;13,24;14637;1654,26;15,66;90,51;2115;190,56
Salto;19,39;11,94;105407;133,21;14,51;94,97;30224;2811,01
Registro;22,33;13,31;54257;722,41;16,47;84,52;13495;1127,56
Piedade;20,36;13,89;52126;746,87;12,83;68,96;8096;741,34
Mogi Mirim;18,15;14,74;86462;497,80;13,18;96,81;29371;3022,17
Ibiúna;22,17;12,37;71157;1058,08;15,45;54,54;11598;946,74
Avaré;19,85;14,09;82878;1213,06;14,53;96,84;21392;1416,98
Valinhos;17,34;13,35;106569;148,59;12,00;92,43;42746;4123,32
Tupã;17,07;18,57;63475;628,51;10,75;97,83;16176;1337,76
Ubatuba;21,52;11,01;78693;723,83;13,46;27,65;16219;1075,56
Peruíbe;23,34;15,86;59698;324,14;16,03;38,00;8797;804,89
Ribeirão Pires;19,02;12,94;112994;99,12;12,98;80,70;24288;2157,28
Guapiara;23,33;13,64;18012;408,29;10,58;83,08;2020;195,88
Barra do Chapéu;24,16;12,59;5241;405,68;14,46;65,62;641;44,40
Cunha;19,71;15,33;21876;1407,32;10,52;90,02;1921;163,27
Itapira;16,71;15,71;68492;518,39;11,15;97,75;22848;2138,70
São José do Rio Pardo;17,91;16,29;51885;419,19;13,10;97,75;15204;1193,58
Capão Bonito;23,05;12,79;46183;1640,23;15,51;95,93;7661;693,84
Itaóca;21,31;16,34;3228;183,02;14,99;41,88;329;27,76
Ribeirão Branco;25,43;10,80;18292;697,50;14,36;86,11;3409;197,71
Itariri;24,59;12,32;15455;273,67;9,75;49,26;1359;128,47
Tatuí;21,09;12,73;107202;523,48;15,14;94,10;32191;2592,39
Iguape;21,93;16,45;28829;1977,95;11,46;73,10;2638;324,77
Paraibuna;21,26;14,22;17385;809,58;12,30;86,69;2695;201,24
Lins;17,92;15,50;71385;571,54;13,08;98,71;27261;2352,63
Taquaritinga;19,38;15,10;53972;593,58;11,92;98,90;10851;859,80
Batatais;18,46;15,23;56429;849,53;11,50;99,28;17043;1183,15
Jales;16,28;17,74;47005;368,52;11,23;98,89;11083;963,23
Juquiá;23,23;14,53;19256;812,75;16,54;72,62;2397;233,44
Natividade da Serra;19,34;19,01;6680;833,37;9,73;97,92;704;56,81
Caçapava;20,33;12,94;84676;369,03;14,64;92,15;22263;2455,29
Birigui;17,68;13,91;108599;530,92;12,69;99,27;37893;2035,19
Mairiporã;20,56;11,09;80755;320,70;13,73;38,12;14716;1354,34
Sete Barras;24,68;14,03;13011;1062,70;18,33;87,10;1717;211,34
Bebedouro;18,30;15,54;75033;683,30;11,10;99,69;24496;3557,67
Arujá;22,84;9,63;74758;96,11;16,45;58,30;21729;2149,45
Guaratinguetá;18,96;14,36;112004;752,64;12,29;92,54;31364;2475,50
Votorantim;21,31;11,00;108695;184,10;14,69;95,94;19335;2067,78
Ribeira;22,97;17,39;3359;335,75;13,29;32,65;421;27,26
Itapirapuã Paulista;26,76;11,86;3877;406,48;12,65;82,30;521;31,71
Mococa;18,51;15,55;66284;854,86;12,24;97,46;17731;1466,74
Apiaí;23,20;12,49;25207;974,32;14,01;69,96;5202;368,62
Itatiba;18,90;12,37;101283;322,23;13,90;97,74;37210;3663,94
Mongaguá;21,72;15,72;46186;142,01;13,57;32,66;5919;603,80
Nova Canaã Paulista;14,22;24,13;2117;124,42;5,83;97,13;213;30,59
Riversul;21,46;17,30;6171;386,20;11,33;89,25;533;60,93
Iporanga;24,38;12,75;4301;1152,05;12,95;74,22;494;31,26
Porangaba;18,85;17,89;8310;265,69;9,85;91,95;1249;96,93
Ribeirão Grande;21,76;13,75;7422;333,36;15,04;94,21;1020;102,32
Osvaldo Cruz;15,55;18,63;30906;248,39;11,15;98,98;7771;584,13
Paraguaçu Paulista;19,70;13,92;42255;1001,30;13,88;98,82;14809;752,35
Cajati;25,22;11,57;28379;454,44;16,31;74,47;5659;634,44
Miracatu;25,69;12,79;20606;1001,54;14,42;69,90;2793;223,41
Santa Isabel;21,51;12,23;50393;363,30;14,36;68,78;11077;991,56
Aparecida;19,53;13,76;35006;121,08;14,65;97,01;10456;528,52
Olímpia;18,59;15,98;49989;802,65;12,83;99,01;14856;1161,54
Franco da Rocha;22,11;9,02;131389;134,16;15,23;69,17;14126;2194,09
Campo Limpo Paulista;21,27;10,88;73981;79,40;15,57;65,11;13560;1143,43
Itararé;22,07;12,99;47922;1003,58;13,94;91,73;8814;662,60
Itaberá;21,33;14,01;17867;1110,50;13,46;93,07;2656;405,38
Matão;18,16;13,41;76743;524,86;13,33;99,08;32407;6194,93
Iaras;18,57;9,95;6337;401,31;13,06;87,13;1687;108,30
Lençóis Paulista;20,04;12,22;61372;809,49;13,65;98,61;20875;1814,84
Várzea Paulista;21,81;9,41;106961;35,12;15,58;88,49;17809;1759,72
Santa Cruz do Rio Pardo;19,99;15,79;43895;1113,50;12,61;96,11;13476;1261,40
Mirante do Paranapanema;19,67;16,24;17052;1239,08;12,33;72,90;3736;169,50
Monte Alto;16,84;16,15;46616;346,50;11,11;97,85;14343;1162,44
Presidente Epitácio;20,50;13,68;41301;1260,24;13,60;88,86;7078;534,20
Campos do Jordão;22,28;10,26;47758;290,06;14,89;77,98;12474;700,27
Pedreira;18,48;12,80;41501;108,59;12,24;95,23;13534;742,56
Pirajuí;16,16;14,48;22681;824,20;11,03;95,19;3181;319,16
Presidente Bernardes;15,81;18,84;13579;748,95;8,58;90,10;2066;184,11
Cananéia;23,47;14,16;12227;1239,38;14,08;68,93;1410;134,71
Pedro de Toledo;23,73;14,79;10195;670,44;12,28;64,73;1025;92,12
Porto Feliz;19,76;12,92;48864;556,71;14,05;96,22;13641;1018,88
Silveiras;21,58;14,71;5788;414,78;13,02;96,23;709;53,75
Jacupiranga;23,39;13,17;17207;704,09;13,80;91,25;3574;252,29
Pirassununga;18,30;15,68;70036;727,12;11,98;99,39;21402;1750,76
Taquarituba;20,88;13,56;22288;448,43;13,77;98,65;4957;402,78
Andradina;17,75;16,56;55333;964,19;12,91;90,29;14444;1322,02
São Bento do Sapucaí;18,64;16,63;10467;253,05;12,70;86,28;1323;124,51
Presidente Venceslau;16,68;16,52;37905;756,74;10,33;97,95;6398;560,95
Santa Rita do Passa Quatro;16,38;19,87;26475;754,14;9,87;98,12;6003;439,08
Piraju;19,44;16,33;28470;504,50;12,02;97,07;6318;475,77
Itajobi;15,74;18,91;14553;502,07;11,31;98,28;2949;287,58
Euclides da Cunha Paulista;22,40;12,86;9590;575,21;14,16;93,48;749;83,77
Álvares Florence;13,45;23,24;3900;362,94;8,66;98,98;901;88,45
Barão de Antonina;21,52;16,24;3113;153,14;13,15;84,08;512;72,33
Laranjal Paulista;19,40;15,22;25223;384,02;13,10;89,78;8559;508,32
Tupi Paulista;12,90;19,68;14261;245,34;11,13;98,43;2337;224,59
Bofete;21,35;16,04;9597;653,54;12,33;94,23;1653;165,82
São Luís do Paraitinga;18,67;16,47;10397;617,32;10,44;83,84;1606;105,28
Cachoeira Paulista;19,98;14,09;30066;287,99;13,85;93,65;5571;433,54
Novo Horizonte;18,74;15,51;36556;931,67;12,30;98,50;9896;777,40
Penápolis;18,17;16,42;58477;710,83;12,54;99,08;13780;1207,57
Agudos;20,63;12,79;34506;966,16;15,25;96,91;8660;1165,49
Lavrinhas;10,10;10,52;6585;537,73;14,79;94,30;778;71,39
Dracena;16,19;17,76;43234;488,04;10,77;96,57;10992;759,10
Arealva;17,63;19,57;7836;504,97;8,68;90,71;1556;162,42
Pinhalzinho;18,45;17,22;13086;154,53;11,61;88,16;1951;168,02
Mirassol;17,49;14,90;53744;243,29;12,70;98,73;14767;1257,77
Iperó;21,45;9,52;28198;170,28;11,67;77,82;5795;420,97
São Miguel Arcanjo;22,60;12,56;31445;930,34;13,36;86,14;4600;560,00
Cajuru;21,20;13,36;23348;660,09;14,18;97,33;4842;359,90
Cajamar;23,36;7,84;63989;131,33;17,38;71,71;41352;5623,21
Guaíra;19,02;13,81;37380;1258,48;12,54;99,67;12745;959,31
Lucélia;17,71;15,74;19868;314,76;10,03;99,19;7813;264,26
Itaporanga;22,06;15,58;14547;507,71;13,99;93,25;2067;167,58
Martinópolis;18,39;14,83;24203;1252,71;11,68;96,18;3494;414,25
Garça;18,78;16,21;43115;555,63;12,73;99,32;11774;848,19
Lagoinha;18,25;18,74;4842;255,47;7,25;94,55;719;53,30
Palmital;18,38;18,13;21182;547,81;10,88;98,72;3808;535,29
São Sebastião;22,62;9,35;73793;399,68;16,06;52,46;19486;2360,26
Santa Fé do Sul;16,17;17,85;29215;206,19;11,07;97,98;8227;703,58
Areias;23,08;12,58;3695;305,23;12,87;86,91;504;37,82
Redenção da Serra;20,48;16,90;3874;309,37;10,89;51,85;537;40,06
São José do Barreiro;22,19;14,79;4078;570,69;10,31;88,94;505;40,98
Jardinópolis;21,18;12,71;37597;502,22;14,53;99,75;9223;673,34
São Pedro;18,74;16,74;31629;609,09;12,70;95,48;5943;497,03
Ilha Comprida;20,74;18,78;9003;191,97;13,00;38,04;1498;127,39
Flora Rica;15,29;21,51;1755;225,30;9,45;95,49;284;35,58
Santo Anastácio;18,19;17,37;20477;552,54;10,22;98,25;3149;272,13
Cosmópolis;21,19;10,34;58689;154,66;13,88;94,67;10772;983,64
Mira Estrela;16,70;19,10;2818;216,83;8,05;97,22;457;39,18
Cosmorama;15,85;20,95;7215;441,71;9,94;96,64;2263;129,01
Juquitiba;24,01;11,35;28717;522,18;16,31;28,83;4061;301,03
Aparecida dOeste;16,24;21,29;4454;179,02;10,80;96,99;623;55,86
Pariquera-Açu;22,34;13,56;18439;359,30;13,59;84,89;4257;221,53
Quadra;20,26;15,34;3231;205,68;12,13;86,22;494;57,20
Araçoiaba da Serra;20,45;13,93;27226;255,43;14,51;40,67;5041;510,97
José Bonifácio;18,49;13,90;32727;859,95;12,87;97,83;10280;882,18
Murutinga do Sul;15,49;20,74;4184;250,84;9,25;99,46;486;54,63
Biritiba Mirim;22,82;12,32;28540;317,41;13,28;70,34;4080;383,88
Timburi;18,66;18,46;2647;196,79;10,32;93,66;405;35,41
Boituva;20,82;11,05;48177;248,95;15,64;86,31;21127;2120,46
Torre de Pedra;18,74;18,43;2253;71,35;15,40;94,42;232;22,12
Salesópolis;22,76;13,17;15624;425,00;13,58;85,05;2144;197,82
Monte Mor;21,95;10,21;48839;240,41;17,33;54,26;11246;1453,69
Palmeira dOeste;16,19;20,55;9590;319,22;7,96;94,98;1027;152,13
Caconde;20,79;15,97;18537;469,98;9,40;91,60;2134;292,62
Irapuru;13,72;17,78;7786;214,90;8,51;92,64;735;75,54
Tejupá;24,22;13,19;4813;296,28;14,29;95,08;710;65,97
Piracaia;19,20;14,53;25101;385,53;12,73;62,15;4389;340,73
Dois Córregos;21,58;14,09;24741;632,97;13,73;97,14;6091;575,55
Vinhedo;18,62;12,60;63453;81,60;14,12;82,96;37419;6561,50
Tietê;19,32;13,97;36789;404,40;12,93;94,80;14421;1082,04
Duartina;17,76;18,14;12253;264,56;11,34;98,56;2209;168,16
Santana da Ponte Pensa;13,09;25,49;1643;130,26;8,15;99,76;277;22,60
Nova Campina;25,78;8,65;8504;385,38;13,92;80,96;2340;150,11
Pederneiras;20,48;12,55;41454;729,00;15,09;98,73;14144;949,90
Capivari;21,19;11,62;48512;322,88;13,65;89,77;15305;1277,90
Coronel Macedo;20,85;15,01;5006;303,93;9,52;97,08;665;92,72
Tapiraí;24,64;13,22;8016;755,10;11,56;87,26;1154;83,45
Socorro;17,27;18,28;36651;449,03;11,08;82,44;7111;565,31
Balbinos;6,94;7,16;3670;91,64;4,89;98,29;386;34,50
Fernão;18,98;17,42;1562;100,76;12,60;98,93;332;22,49
Santa Cruz das Palmeiras;20,89;11,96;29893;295,34;14,32;99,74;6437;337,21
Tremembé;18,64;11,25;40928;191,36;13,76;82,39;4769;530,20
Adamantina;16,20;19,04;33794;411,39;10,40;99,03;8936;641,66
Espírito Santo do Pinhal;17,72;15,69;41895;389,42;11,89;98,71;12654;870,46
Álvares Machado;19,38;15,19;23506;347,38;14,85;93,06;3305;269,69
Tanabi;16,67;17,27;24042;745,80;12,66;86,83;5141;415,65
Buri;26,26;11,27;18555;1195,91;15,59;92,54;3891;313,91
Ibitinga;18,49;13,68;53100;689,25;12,76;98,78;15986;942,29
Guareí;16,62;10,62;14522;566,35;11,00;75,94;2207;206,45
Rubinéia;16,10;21,48;2860;242,90;8,26;75,00;497;40,63
Itaí;21,29;11,42;23982;1082,78;13,70;94,69;5018;477,58
Pacaembu;13,96;16,31;13220;338,50;9,41;87,06;1424;149,98
Oscar Bressane;16,42;22,00;2537;221,34;5,53;98,47;434;40,00
Bernardino de Campos;18,98;18,31;10775;244,20;11,60;99,81;2295;173,07
Pracinha;11,25;9,02;2842;62,84;4,54;95,82;264;21,82
Santo Antonio da Alegria;18,29;17,09;6299;310,29;10,77;96,99;1042;116,72
Brodowski;19,43;13,51;21070;278,46;12,99;97,53;4525;338,26
Cândido Mota;18,90;15,57;29879;596,21;11,56;97,92;5103;655,37
Ituverava;18,67;15,66;38674;705,24;11,00;99,74;8044;718,54
Casa Branca;18,46;15,12;28294;864,18;10,57;98,93;6581;646,73
Igaratá;21,63;13,98;8826;292,95;16,60;50,56;1532;115,90
Porto Ferreira;19,51;13,93;51366;244,91;13,36;96,96;15840;1150,43
Cafelândia;18,99;16,05;16600;920,10;14,22;98,65;3696;210,54
Promissão;20,50;13,73;35633;779,28;12,97;98,31;12141;990,28
Conchas;21,11;15,64;16276;466,02;11,79;92,63;3327;312,47
São Francisco;17,55;20,87;2794;75,62;10,87;99,60;237;35,88
Pedra Bela;18,52;16,88;5779;158,59;11,82;80,68;755;74,31
Pilar do Sul;22,26;13,05;26385;681,12;14,02;88,74;6886;434,79
Serra Negra;17,18;18,31;26365;203,74;11,04;76,63;6497;408,10
Arco Íris;17,05;18,97;1927;264,73;10,62;98,14;286;62,78
Alto Alegre;15,91;21,70;4103;319,04;11,27;96,17;716;79,15
Bariri;19,05;15,90;31563;444,07;13,26;99,52;9105;672,79
Turmalina;13,18;23,11;1981;147,94;7,80;99,61;365;38,85
Mairinque;22,04;11,61;43195;210,31;16,18;76,90;9578;957,02
Potim;20,44;8,23;19340;44,47;14,98;97,41;1408;171,82
Pedranópolis;16,56;20,29;2559;260,19;10,76;96,96;400;46,80
Bom Sucesso de Itararé;26,99;9,00;3568;133,58;17,54;94,21;544;41,82
Nova Odessa;18,65;12,27;51158;74,32;12,89;96,88;19748;2096,23
Santa Rita dOeste;14,02;23,78;2544;210,08;9,59;92,94;349;45,05
Salto Grande;21,13;16,27;8784;188,40;15,44;34,38;1378;159,66
Santo Antonio do Pinhal;21,26;13,35;6485;133,01;14,26;62,76;1067;71,23
Nova Aliança;17,80;16,84;5881;217,31;12,87;99,09;1138;104,80
Parapuã;17,14;18,53;10846;365,69;10,34;98,94;3380;230,07
Cardoso;17,98;18,56;11803;639,73;12,05;87,11;1385;173,46
São Sebastião da Grama;19,35;14,94;12102;252,38;11,64;98,63;3127;212,38
São Manuel;19,87;13,91;38327;650,77;13,07;96,82;9239;826,46
Brotas;20,26;13,81;21556;1101,38;13,10;97,42;7461;458,60
Fartura;19,58;16,03;15317;429,17;12,40;98,02;3803;223,64
Ubirajara;21,01;15,75;4425;282,37;14,01;95,41;932;65,47
Guararapes;18,54;15,76;30582;956,34;12,54;99,12;6597;854,00
Jarinu;21,42;11,90;23780;207,64;16,30;25,11;6855;596,99
Teodoro Sampaio;22,07;11,73;21374;1555,99;14,37;96,12;4703;335,42
Suzanápolis;20,28;14,65;3378;330,21;16,01;94,39;1326;96,23
Nhandeara;14,62;20,16;10720;435,77;10,40;98,59;1850;246,72
Tuiuti;16,94;18,53;5921;126,70;10,61;59,29;641;75,84
Óleo;19,18;19,99;2676;198,14;10,31;91,26;361;53,89
Cabreúva;23,35;9,07;41525;260,23;15,51;82,02;14695;3131,48
Avaí;20,52;13,81;4956;540,46;15,82;95,38;1636;96,31
Nova Guataporanga;16,85;20,01;2176;34,12;10,54;98,03;253;21,03
Jaguariúna;19,82;11,48;44162;141,40;15,19;90,07;32306;3771,05
Mirandópolis;15,93;15,92;27470;918,80;11,70;91,70;4302;367,94
Aspásia;16,14;19,32;1809;69,34;7,24;99,06;240;28,73
Bertioga;25,22;8,49;47462;490,15;17,23;30,81;12769;885,59
Rinópolis;17,81;18,95;9938;358,33;10,44;96,42;2036;129,27
Getulina;17,87;14,50;10762;678,70;10,20;95,72;1150;97,56
Junqueirópolis;16,73;16,87;18711;582,96;12,86;99,14;5441;353,99
Indiaporã;16,69;20,54;3904;279,60;8,50;90,44;514;62,09
Taquarivaí;25,28;9,05;5145;231,79;12,78;86,48;1499;117,62
Descalvado;17,63;15,42;31038;753,71;12,89;99,36;9520;743,52
Guarani dOeste;18,08;18,39;1970;85,53;8,69;97,28;285;26,02
Pongaí;15,10;19,67;3483;183,33;8,75;99,32;494;41,09
Jandira;22,61;7,90;108195;17,45;15,41;83,50;20918;1855,08
Alfredo Marcondes;15,78;21,20;3889;118,40;11,27;97,35;829;59,00
Uru;17,25;18,06;1252;146,97;16,21;96,82;282;32,20
Vargem;18,56;16,00;8784;142,61;14,19;73,43;1038;81,39
Monteiro Lobato;19,92;16,10;4116;332,74;8,29;77,98;856;43,95
Lutécia;19,84;16,55;2715;474,93;15,29;96,76;403;72,92
Pitangueiras;22,85;10,62;35270;430,64;13,72;99,05;7497;628,88
Pereira Barreto;19,28;15,85;24963;978,88;13,30;97,54;6230;594,50
Santa Albertina;15,31;19,98;5722;272,77;10,86;97,90;1930;70,45
Itirapuã;22,17;13,98;5910;161,12;13,95;99,23;808;91,66
Monte Castelo;15,97;19,94;4063;232,57;12,14;98,21;581;78,43
Urânia;16,54;19,17;8836;208,94;10,26;98,71;1355;122,89
Três Fronteiras;16,41;20,14;5425;151,19;11,71;97,14;612;71,03
Piratininga;18,48;15,79;12059;402,41;14,82;88,78;1785;160,91
Mirassolândia;18,84;16,80;4290;166,17;11,78;77,83;543;53,72
Floreal;13,29;23,08;3005;204,30;8,79;99,55;488;56,86
Altinópolis;18,61;16,38;15606;928,96;12,71;98,88;3856;363,82
Iacri;19,00;17,36;6422;322,63;12,70;99,51;818;132,89
Morro Agudo;22,60;10,33;29083;1388,20;14,76;98,34;8168;853,76
Paranapanema;22,20;11,18;17788;1018,72;12,70;88,43;4497;394,70
Vera Cruz;18,78;17,47;10772;248,07;10,95;95,88;1254;124,94
Presidente Alves;18,36;16,18;4125;287,19;12,97;98,60;712;61,67
Populina;16,80;19,47;4225;315,95;12,29;98,61;388;81,98
São João do Pau dAlho;14,49;23,12;2104;117,72;8,72;97,66;226;53,07
Guariba;21,85;10,21;35447;270,29;15,53;99,56;7649;548,07
Cravinhos;19,99;12,56;31662;311,40;13,16;99,64;8806;646,84
Herculândia;20,77;13,94;8690;364,64;11,51;93,93;1217;149,66
Urupês;16,27;18,55;12706;323,75;9,72;99,29;2683;221,77
Guaraçaí;17,58;18,74;8439;569,87;9,01;99,78;1296;155,43
Echaporã;19,89;16,94;6322;515,43;9,86;96,77;766;110,72
Artur Nogueira;20,61;10,91;44071;178,03;13,28;96,26;11039;673,37
Ribeirão dos Índios;16,54;19,82;2187;196,34;8,29;97,46;275;37,71
Pompéia;18,11;14,95;19948;784,06;12,91;97,81;7984;651,72
Monte Aprazível;17,15;16,58;21716;496,91;9,85;94,36;4212;570,83
Santa Salete;14,03;21,91;1446;79,39;11,06;98,65;229;31,30
Turiúba;15,21;22,22;1930;153,13;9,34;99,31;349;47,59
Vargem Grande Paulista;22,97;10,03;42899;42,48;17,85;46,76;11427;1033,30
Sarutaiá;21,89;15,68;3623;141,61;12,96;92,39;475;40,89
Campos Novos Paulista;21,71;15,66;4536;483,98;15,37;97,52;637;103,25
Rosana;20,55;13,19;19725;742,87;13,47;96,95;2579;949,90
Divinolândia;16,68;17,52;11215;222,13;12,98;89,39;2017;196,14
Pereiras;20,39;14,86;7443;223,27;9,93;98,63;2034;144,75
Américo de Campos;16,75;18,86;5705;253,10;9,62;98,98;502;74,38
Ipaussu;21,32;13,82;13653;209,66;11,87;98,09;3661;214,52
Rancharia;19,37;15,17;28804;1587,47;13,40;98,45;7608;1131,45
Sarapuí;22,02;13,18;9016;352,69;11,56;67,81;2003;141,13
São Pedro do Turvo;21,54;15,01;7195;731,76;12,43;97,96;1255;147,31
Dirce Reis;16,49;20,19;1688;88,35;21,18;98,90;363;31,01
Santa Cruz da Esperança;20,86;16,37;1952;148,06;16,07;97,76;318;52,86
Paulo de Faria;19,91;14,73;8588;738,29;12,74;98,50;911;181,20
Itápolis;17,42;15,94;40031;996,85;11,55;99,29;10474;763,83
Santa Branca;19,86;14,72;13757;272,24;10,94;79,48;3004;185,38
Cerqueira César;21,14;14,14;17511;511,62;13,97;97,58;5008;414,54
Ipiguá;17,98;16,47;4454;135,69;12,13;100,00;841;62,20
Pirapozinho;19,31;13,82;24671;477,99;12,73;94,92;4931;522,05
Gália;17,46;18,12;7018;356,01;10,23;98,30;1415;115,49
Cássia dos Coqueiros;18,84;17,13;2636;191,68;8,89;93,73;486;50,99
Tabapuã;17,16;16,76;11355;345,58;12,13;99,11;2332;178,95
Águas de São Pedro;14,55;24,65;2699;5,54;10,23;97,47;1366;67,50
Florínia;19,20;17,61;2831;225,63;15,10;96,79;498;158,12
Angatuba;21,18;13,17;22184;1027,98;13,11;96,96;4917;569,17
Cesário Lange;20,05;12,80;15516;190,77;14,46;92,02;3393;277,66
Santo Expedito;17,96;18,17;2801;94,44;10,51;73,40;324;31,75
General Salgado;16,91;17,09;10670;493,35;11,52;96,86;1750;234,84
Platina;22,36;14,18;3189;326,73;10,97;98,30;595;82,12
Guapiaçu;17,55;14,03;17834;324,92;14,20;92,27;3172;504,37
Santa Clara dOeste;16,61;19,33;2084;183,43;10,65;99,43;731;28,12
Macedônia;16,27;19,61;3665;327,72;6,88;70,68;493;51,25
Meridiano;16,67;17,24;3856;229,25;9,16;96,18;2408;63,07
Barra Bonita;16,45;15,57;35248;149,91;10,05;99,74;13339;598,33
Ribeirão do Sul;18,09;17,38;4446;203,69;10,20;90,82;699;106,44
Flórida Paulista;17,83;14,78;12832;525,08;8,81;98,58;2842;182,08
Águas de Lindóia;19,03;16,02;17257;60,13;13,06;90,33;4663;238,65
Guararema;21,26;12,57;25808;270,82;15,77;51,10;7189;462,38
Anhembi;22,48;12,85;5643;736,56;12,76;97,97;962;146,02
Iepê;19,43;16,42;7625;595,49;12,97;92,69;1005;203,66
Tambaú;20,11;14,98;22405;561,79;14,17;97,95;6317;402,85
Águas da Prata;16,48;19,66;7580;142,96;10,98;87,99;956;119,34
Macaubal;15,81;19,42;7661;248,13;10,77;96,53;2448;137,45
Salto de Pirapora;21,14;12,65;40087;280,61;14,33;93,30;5929;636,40
Sabino;18,96;17,87;5215;310,90;10,57;95,44;634;62,65
Torrinha;17,09;17,25;9326;315,27;12,18;97,70;1913;140,44
Ouro Verde;21,18;14,62;7794;267,61;12,22;70,86;681;127,37
Colina;18,87;14,53;17365;422,57;13,69;98,17;5290;504,92
Conchal;22,03;11,32;25207;182,79;16,40;97,10;5928;456,87
Cabrália Paulista;21,10;13,48;4367;239,91;15,44;98,42;835;144,79
Vargem Grande do Sul;20,39;14,10;39240;267,23;12,56;98,47;8321;601,44
Reginópolis;13,75;12,59;7297;410,82;10,04;95,31;881;107,85
Piquerobi;18,22;16,89;3537;482,57;11,88;86,28;602;48,78
Guaimbê;21,35;14,97;5423;218,01;14,13;99,19;539;46,16
Júlio Mesquita;21,20;14,78;4428;128,22;13,82;96,33;292;46,09
Sagres;18,80;17,75;2395;147,80;14,72;99,48;375;41,62
Piquete;18,91;16,10;14116;176,00;11,76;77,22;1513;116,21
Marabá Paulista;14,94;11,37;4801;918,77;6,40;91,67;711;84,67
Motuca;19,99;12,61;4286;228,70;12,06;99,59;523;89,57
Bananal;20,81;15,52;10219;616,43;10,35;94,39;1890;110,64
Cândido Rodrigues;15,89;20,19;2668;70,31;12,35;99,58;664;56,95
Orlândia;19,34;13,21;39748;291,77;12,89;99,84;11917;1017,93
Marapoama;16,65;16,44;2629;111,27;9,19;99,73;1444;98,41
Salmourão;19,27;16,06;4814;172,29;13,06;96,69;506;77,34
Magda;15,75;20,22;3202;311,71;11,68;98,44;603;62,05
Cedral;16,84;17,92;7960;197,69;9,95;96,30;2319;164,71
Morungaba;20,37;12,77;11752;146,75;13,18;88,26;11314;307,05
Santa Rosa do Viterbo;18,56;15,06;23841;288,58;12,26;99,21;5172;492,98
Aguaí;21,00;12,69;32113;474,74;12,51;98,87;6289;601,30
Lucianópolis;20,14;18,01;2248;189,82;8,89;94,73;870;41,31
Itapura;19,80;14,06;4352;301,37;13,93;32,04;600;104,45
São Joaquim da Barra;19,45;13,71;46469;410,60;12,58;99,70;12566;1041,79
Poloni;17,56;18,54;5390;133,54;12,05;97,80;936;101,14
Mariápolis;18,26;16,59;3915;185,90;9,40;94,66;353;38,90
São João das Duas Pontes;17,17;16,66;2567;129,34;14,98;100,00;240;43,60
Potirendaba;17,30;16,57;15433;342,38;12,76;99,53;4887;327,76
Monções;16,06;19,78;2131;104,24;13,50;96,45;1798;51,60
São José da Bela Vista;23,80;12,22;8403;276,95;11,66;98,58;792;141,40
Santa Mercedes;20,43;16,28;2831;166,87;14,88;77,15;524;50,32
Ibirarema;20,45;14,38;6716;228,32;12,79;95,40;733;135,07
Cruzália;16,92;16,47;2277;149,05;9,45;95,86;388;97,49
Monte Alegre do Sul;17,06;16,52;7145;110,31;11,02;77,13;1405;132,21
Borborema;18,19;15,81;14517;552,26;11,02;96,17;2961;262,33
Bastos;20,17;14,34;20446;171,89;13,13;99,33;6645;639,95
Dolcinópolis;16,63;20,24;2096;78,34;9,62;99,42;319;31,92
Santo Antonio do Jardim;18,38;16,76;5945;109,96;9,66;95,79;1343;126,20
Nova Granada;18,55;14,60;19161;531,88;12,38;94,20;2565;283,57
Maracaí;19,54;14,24;13329;533,94;12,09;92,87;2555;475,31
Ilha Solteira;16,58;16,67;25055;652,45;11,02;94,10;5496;1395,14
Castilho;20,19;13,88;17975;1065,80;14,82;93,04;3345;830,54
Icém;21,12;12,67;7456;362,59;14,27;99,61;1152;122,48
Nazaré Paulista;20,05;14,72;16396;326,29;13,98;25,60;2887;239,38
Igarapava;19,57;14,35;27934;468,25;10,66;97,88;6165;819,49
Quintana;18,50;15,58;5999;319,57;12,02;96,98;1314;100,03
Manduri;19,52;15,40;8986;229,05;11,90;98,25;1808;116,77
Paulistânia;18,80;16,04;1779;256,65;12,37;86,32;241;38,60
Igaraçu do Tietê;20,34;11,35;23356;97,72;12,59;99,33;2605;214,55
Rincão;21,50;13,28;10413;315,95;13,23;99,65;1594;151,76
Lupércio;21,47;15,03;4352;154,49;11,89;98,83;683;65,57
Caiabu;18,53;16,60;4072;252,84;12,73;84,13;358;50,21
Ibirá;17,90;16,52;10883;271,91;12,17;94,57;1890;158,00
Guará;23,16;12,37;19850;362,48;11,28;99,06;4028;389,11
Palestina;16,90;17,07;11033;695,46;11,48;83,95;2750;199,63
São Simão;19,76;15,62;14340;617,25;11,32;98,83;3392;318,55
Alambari;21,87;12,62;4872;159,27;12,82;70,55;822;87,59
Chavantes;21,22;14,81;12115;188,10;14,24;98,00;2092;267,42
Queluz;21,58;11,53;11289;249,83;9,97;71,79;1719;117,44
Cajobi;17,65;15,59;9763;176,90;10,63;99,45;1373;125,42
Pontal;22,79;7,66;40142;356,32;12,62;99,28;10195;675,73
Tapiratiba;18,19;14,59;12739;222,54;10,01;98,21;2811;215,15
Neves Paulista;14,14;20,03;8773;218,34;9,50;95,80;1620;143,02
Mesópolis;18,65;17,01;1886;148,86;11,66;97,63;240;50,30
Canitar;25,99;10,13;4361;57,23;14,52;89,79;899;47,55
Fernando Prestes;16,40;20,18;5533;170,67;7,39;98,56;1068;125,54
Miguelópolis;21,74;12,44;20439;821,96;12,72;95,26;4292;384,23
Águas de Santa Bárbara;20,23;16,24;5598;404,94;11,40;75,56;1287;138,28
Paranapuã;17,74;17,42;3813;140,48;13,80;98,35;600;66,40
Serrana;22,60;9,05;38821;126,05;16,27;99,58;7453;502,44
Rio Grande da Serra;22,35;9,25;43912;36,34;13,50;61,16;4204;536,97
Mineiros do Tietê;20,51;13,64;12033;213,24;12,37;98,54;1722;134,98
Anhumas;19,29;15,01;3735;320,45;12,87;99,47;520;55,01
Engenheiro Coelho;23,16;8,11;15662;109,94;14,81;97,14;3808;299,21
Barbosa;21,35;13,86;6586;205,15;12,37;98,44;929;81,93
Parisi;16,49;18,69;2031;84,52;12,25;98,98;320;31,07
Mendonça;15,88;16,86;4632;195,04;10,90;97,90;2151;67,86
Riolândia;19,72;11,50;10556;633,38;12,29;98,55;922;151,15
Ocauçu;20,20;16,16;4163;300,35;17,56;97,99;740;63,11
Santo Antonio de Posse;20,82;11,78;20628;154,00;13,32;61,04;7857;476,25
Regente Feijó;18,42;14,98;18481;265,07;11,86;97,34;6772;373,17
Macatuba;21,17;12,51;16255;225,21;13,30;99,18;4410;489,28
Uchôa;16,88;17,71;9467;252,46;12,16;99,17;1379;171,84
Elias Fausto;20,85;11,30;15758;202,69;10,88;97,56;4781;616,98
Capela do Alto;22,22;11,32;17502;169,89;13,81;66,65;3648;208,29
Pedrinhas Paulista;17,48;15,39;2939;152,52;7,77;96,37;511;97,39
Santa Adélia;18,95;15,15;14325;330,90;11,58;98,07;4634;237,45
Itupeva;22,31;8,88;44658;200,82;17,28;83,31;23176;2389,06
Ibaté;21,97;9,82;30696;290,66;15,74;99,61;6270;401,07
Ilhabela;22,76;9,28;28125;347,54;15,45;7,37;7500;410,56
Lourdes;16,05;17,95;2127;113,74;7,91;96,47;282;31,52
Taiaçu;18,81;15,59;5892;106,64;10,78;99,09;630;86,34
Santa Cruz da Conceição;17,43;17,28;3998;150,13;10,96;98,13;1435;85,90
Arapeí;20,59;15,14;2494;156,90;9,27;59,38;391;27,37
Buritizal;18,34;16,66;4050;266,42;12,58;99,91;1744;160,94
Marinópolis;17,82;15,26;2114;77,83;9,50;99,64;319;29,01
Guzolândia;20,27;14,52;4750;252,01;13,17;99,31;547;61,90
Piacatu;18,38;15,81;5281;232,36;14,45;99,59;968;70,91
Viradouro;19,70;14,11;17285;217,73;13,33;99,05;3130;221,68
Mombuca;21,86;12,02;3265;133,70;18,86;96,10;491;58,56
Adolfo;17,28;17,85;3558;211,08;12,21;95,93;816;86,98
Zacarias;17,85;16,65;2331;319,14;11,63;97,02;656;58,08
Monte Azul Paulista;18,04;15,46;18936;263,44;11,71;97,96;5963;392,17
Santa Maria da Serra;22,50;11,58;5406;252,62;15,65;99,66;1245;92,98
Guaraci;20,85;13,69;9966;641,50;12,55;95,97;2168;154,67
Panorama;22,05;13,21;14575;356,31;16,32;91,95;2960;195,83
Iacanga;18,94;14,66;9997;547,39;11,91;93,84;3450;353,81
Pedregulho;21,36;13,19;15694;712,60;11,53;97,12;3450;378,13
Sales;19,04;16,96;5443;308,46;12,58;96,60;744;86,13
Auriflama;16,64;16,86;14196;433,99;10,00;96,92;3340;243,67
Oriente;17,81;16,66;6095;218,61;12,53;96,66;961;73,43
Sud Mennucci;20,02;13,59;7434;591,30;14,88;98,28;1384;199,77
Emilianópolis;17,16;17,95;3019;224,49;9,87;98,12;339;40,43
Nova Castilho;18,71;16,10;1124;183,23;14,00;99,23;240;39,98
Guarantã;22,02;13,39;6403;461,15;12,30;99,34;1355;124,40
União Paulista;20,71;15,28;1597;79,11;15,83;100,00;263;47,39
Campina do Monte Alegre;22,17;14,03;5564;185,03;12,95;87,75;843;89,74
Bady Bassitt;18,14;13,10;14574;110,36;14,49;99,45;3509;366,69
Itaju;19,27;15,38;3240;229,82;11,56;99,01;670;65,88
Bom Jesus dos Perdões;21,66;10,79;19644;108,37;15,07;84,31;4531;355,87
Dourado;17,33;17,28;8609;205,87;9,92;98,69;2021;173,63
Vitória Brasil;17,28;16,88;1736;49,70;10,89;97,19;186;26,53
Inúbia Paulista;18,34;15,56;3627;87,41;11,85;98,07;929;68,93
Cerquilho;18,73;12,82;39520;127,80;12,42;98,03;12281;2508,12
Boracéia;20,86;14,01;4263;122,11;15,40;98,68;1342;119,64
Buritama;18,14;15,56;15404;326,76;13,62;93,29;2807;302,41
Braúna;18,06;16,88;5015;195,33;12,53;97,92;629;61,32
Pindorama;17,40;16,56;15022;184,83;10,42;97,77;2577;244,47
São Lourenço da Serra;21,32;11,59;13957;186,33;14,69;44,56;6726;177,68
Bilac;15,62;17,33;7039;157,90;10,28;98,82;1563;107,81
Restinga;24,68;10,15;6578;245,75;16,49;99,02;1582;112,99
Patrocínio Paulista;21,79;13,09;12986;602,85;15,92;98,27;3985;395,84
Álvaro de Carvalho;16,72;10,45;4645;153,17;9,87;99,23;359;47,60
Rubiácea;19,88;12,57;2725;236,93;9,84;97,39;389;83,43
Itapuí;20,84;12,94;12157;140,80;12,71;88,56;4556;400,58
Bálsamo;16,15;17,91;8153;150,60;10,87;98,82;1562;172,94
Pardinho;23,10;13,15;5574;209,89;14,61;87,95;2228;136,27
Tarumã;22,02;10,44;12865;303,18;14,41;99,09;6526;388,75
Tarabaí;21,73;11,94;6600;201,54;13,97;97,77;827;70,47
Corumbataí;19,90;14,50;3873;278,62;16,67;96,75;1053;113,56
Valparaíso;19,07;11,49;22539;857,50;15,05;98,61;5637;404,94
Paraíso;18,43;15,31;5894;155,84;11,96;97,50;2356;103,53
Coroados;18,43;14,04;5231;246,36;14,83;98,20;905;99,22
Glicério;20,09;15,59;4564;273,56;14,06;97,15;1020;86,43
Itirapina;17,47;10,85;15499;564,76;11,11;88,99;4054;255,16
Sebastianópolis do Sul;15,57;17,34;3027;168,08;11,53;99,27;2977;87,31
Serra Azul;18,56;10,15;11217;283,14;10,92;92,43;825;115,34
Taguaí;22,13;11,15;10795;145,33;15,71;98,33;4401;207,88
Estrela dOeste;17,10;17,38;8208;296,41;10,64;97,33;3184;892,59
Pontes Gestal;18,34;18,02;2518;217,38;13,50;99,72;1846;157,22
Trabiju;20,81;14,21;1543;63,42;11,96;99,76;361;28,35
Itatinga;24,33;10,11;18029;979,82;13,69;97,27;3342;281,56
Santa Gertrudes;21,86;8,99;21579;98,29;14,50;98,91;7358;491,67
Queiroz;22,85;11,59;2802;233,79;15,96;99,07;780;170,48
Ribeirão Bonito;22,35;13,04;12127;471,55;13,66;98,85;2275;177,42
Alvinlândia;22,25;14,05;2999;84,80;15,38;95,62;374;38,69
Guatapará;21,87;13,08;6961;413,74;11,12;95,09;1645;134,32
Pontalinda;20,43;13,41;4069;210,19;14,28;98,53;422;52,25
Boa Esperança do Sul;21,80;11,78;13636;690,76;13,72;99,46;5298;284,74
Indiana;17,73;16,21;4826;126,62;13,72;80,09;594;47,81
Rafard;20,78;13,36;8610;121,65;10,22;97,83;3418;119,99
Caiuá;21,60;9,36;5031;96,10;7,68;86,50;541;88,41
Saltinho;16,36;15,92;7047;99,74;11,88;98,65;1718;157,06
Pirangi;16,47;17,32;10618;215,46;9,54;99,57;2050;160,00
Roseira;21,49;11,01;9590;130,65;16,64;94,54;2367;279,77
Jeriquara;22,73;12,06;3161;141,97;12,37;98,50;654;102,88
Avanhandava;20,19;10,71;11287;338,64;13,52;99,31;1941;173,17
Areiópolis;23,19;9,72;10577;85,77;13,81;98,97;1400;134,28
Gabriel Monteiro;15,65;19,27;2708;138,55;16,27;99,24;849;111,45
Lavínia;23,78;10,09;8740;167,07;5,54;79,40;849;139,11
Guaiçara;20,96;12,47;10657;271,14;11,48;88,38;1628;109,66
Américo Brasiliense;21,91;9,05;34421;122,74;14,88;99,51;8837;557,90
Irapuã;18,83;14,65;7270;257,91;11,73;99,00;876;119,42
Severínia;21,04;10,81;15484;140,43;12,32;99,77;2378;264,53
Canas;24,55;10,24;4378;53,26;20,49;79,59;773;52,41
São João de Iracema;17,44;17,33;1779;178,61;9,98;97,73;286;43,92
Pirapora do Bom Jesus;24,86;8,38;15702;108,52;14,27;63,82;3134;151,81
Rifaina;18,68;16,48;3435;162,51;11,32;93,14;523;57,42
Quatá;21,02;12,85;12789;650,37;11,87;98,35;4260;358,38
Joanópolis;18,65;15,87;11756;374,28;11,62;68,11;2040;144,56
Cristais Paulista;20,29;12,85;7579;385,23;14,91;94,24;1539;212,26
Espírito Santo do Turvo;23,24;10,85;4239;193,66;12,03;98,04;536;131,00
Ipeúna;21,76;11,36;6000;190,01;16,11;92,29;2397;138,28
Jaborandi;19,63;14,50;6591;273,44;13,74;99,89;906;103,77
Aramina;18,05;15,58;5149;202,89;12,73;97,14;673;90,81
Analândia;20,22;14,90;4287;325,67;8,28;93,28;1020;90,13
Arandu;20,28;13,90;6123;285,91;12,07;94,64;1358;93,16
Charqueada;20,61;12,37;15067;175,85;12,65;89,10;2901;215,99
Itobi;19,15;14,20;7545;139,21;10,05;96,71;840;95,76
Terra Roxa;20,37;13,73;8498;221,54;12,66;99,42;1165;107,38
Bocaina;19,72;13,43;10846;363,93;14,31;96,76;4346;235,59
Ipuã;21,86;10,95;14127;465,88;12,48;99,34;3604;269,94
Cordeirópolis;20,08;12,39;21048;137,58;13,98;99,05;9561;1892,97
Tabatinga;20,04;12,64;14671;369,56;12,03;97,71;3800;177,17
Colômbia;20,58;12,53;5994;729,25;18,96;94,90;3459;165,02
Borebi;22,34;12,10;2290;347,99;13,86;98,86;763;68,66
Sales Oliveira;18,28;15,03;10557;305,64;13,62;99,19;2478;231,03
Taciba;19,81;14,13;5710;607,31;14,44;97,70;847;332,94
Jumirim;19,16;12,40;2792;56,69;12,17;85,63;1029;81,37
Pradópolis;20,80;10,69;17334;167,38;11,68;99,79;7142;626,55
Paulicéia;21,49;12,19;6330;373,57;16,10;36,96;2314;111,93
Luiziânia;19,27;13,59;5023;166,55;14,11;99,72;540;73,00
Sandovalina;22,59;11,09;3693;455,12;14,02;94,07;2002;282,63
Pratânia;22,23;10,49;4593;175,10;15,97;97,22;1120;90,08
Nuporanga;18,41;14,53;6813;348,27;10,78;99,90;2810;218,86
Planalto;22,23;11,61;4456;290,10;13,47;98,85;2857;90,59
Estiva Gerbi;19,57;11,66;10033;74,21;12,55;96,36;1841;180,01
Ribeirão Corrente;22,63;11,91;4270;148,33;14,35;97,36;648;133,12
Taiúva;13,99;15,99;5447;132,46;7,82;98,84;789;75,36
Narandiba;22,18;11,59;4283;358,03;17,32;94,86;1045;182,06
Barrinha;23,65;8,32;28457;145,64;14,88;97,26;3972;353,38
Brejo Alegre;18,83;14,34;2571;105,40;11,01;98,10;2733;105,78
Ouroeste;18,82;14,32;8385;288,84;12,58;96,80;3231;675,61
Taquaral;19,60;15,24;2726;53,89;11,73;99,38;500;39,92
João Ramalho;21,23;11,31;4147;415,25;15,41;98,74;489;102,99
Estrela do Norte;20,45;12,99;2658;263,42;15,44;97,74;402;49,25
Valentim Gentil;18,37;13,49;11013;149,69;13,23;99,26;3541;229,47
Onda Verde;20,23;12,80;3880;242,31;11,79;100,00;3366;150,41
Dumont;19,55;11,34;8126;111,36;11,72;99,30;1833;117,62
Gastão Vidigal;19,25;14,24;4188;180,94;11,19;98,68;465;53,67
Santo Antonio do Aracanguá;18,59;13,01;7620;1308,24;14,96;95,35;3280;272,73
Ariranha;19,16;14,14;8537;133,15;13,66;99,26;4478;556,53
Nova Independência;21,78;11,25;3058;265,78;13,13;89,46;1390;146,59
Santópolis do Aguapeí;20,82;12,75;4273;127,91;14,55;99,23;564;60,65
Elisiário;16,79;15,45;3115;93,98;12,66;98,13;538;71,07
Nova Europa;21,47;11,70;9281;160,35;16,03;99,66;3946;168,58
Catiguá;18,78;13,66;7122;148,39;12,54;96,50;1012;120,66
Nova Luzitânia;19,67;13,33;3435;74,06;14,57;99,20;353;38,99
Ubarana;22,88;10,99;5279;209,63;13,76;97,04;1535;107,69
Alumínio;22,94;10,29;16825;83,66;15,60;91,71;7123;1526,43
Altair;21,12;11,95;3813;313,86;11,59;86,12;688;164,71
Nipoã;19,35;12,58;4264;137,82;15,79;97,73;627;72,06
Bento de Abreu;19,82;13,57;2672;301,40;13,78;100,00;816;87,37
Santa Lucia;21,74;10,79;8245;154,03;14,14;99,96;855;107,89
Embaúba;18,08;16,47;2423;83,13;9,94;94,34;381;38,22
Dobrada;23,00;10,03;7931;149,73;15,08;99,45;629;82,80
Iracemápolis;19,44;11,40;19987;115,12;10,91;94,38;6724;488,85
Novais;22,82;10,55;4578;117,77;12,29;99,59;351;58,31
Jambeiro;20,60;12,86;5336;184,41;14,20;94,95;3705;838,81
Luís Antônio;22,34;8,62;11243;598,77;13,58;99,48;5008;678,51
Holambra;20,86;10,38;11257;65,58;12,51;88,46;7361;636,90
Jaci;18,59;11,47;5642;145,52;12,89;97,19;2856;215,08
Nantes;22,83;11,03;2703;286,16;11,36;99,20;352;114,40
Rio das Pedras;21,19;10,39;29445;226,66;15,46;97,04;9436;797,38
Borá;17,20;12,13;805;118,45;11,15;100,00;1760;49,77
Clementina;21,90;11,25;7049;168,84;16,89;99,37;3585;77,14
Araçariguama;25,23;8,62;17019;145,20;17,03;53,42;8196;1425,28
Santa Ernestina;20,61;10,85;5569;134,42;10,63;99,28;494;60,90
Lindóia;18,87;14,59;6699;48,76;12,78;76,64;1938;117,22
Louveira;21,25;8,36;36989;55,13;17,43;86,71;18944;11173,99
Palmares Paulista;21,23;7,99;10910;82,13;11,59;99,68;802;97,20
Vista Alegre do Alto;18,82;11,91;6865;94,98;12,71;99,74;3528;183,24
Orindiúva;21,24;9,26;5660;248,11;12,08;99,39;3135;156,36
Gavião Peixoto;21,00;11,54;4416;243,77;15,19;99,82;3236;354,01
